{"cameraMode":{"drawMode":0,"name":"Shaded","section":"Shading Mode"},"sceneLighting":true,"audioPlay":false,"sceneViewState":{"m_AlwaysRefresh":false,"showFog":true,"showSkybox":true,"showFlares":true,"showImageEffects":true,"showParticleSystems":true,"showVisualEffectGraphs":true,"m_FxEnabled":true},"in2DMode":false,"pivot":{"x":-3.3155946731567385,"y":-0.9072780609130859,"z":3.2971067428588869},"rotation":{"x":-0.07446367293596268,"y":0.7374395728111267,"z":-0.08242742717266083,"w":-0.6662144660949707},"size":7.650688171386719,"orthographic":false}