{"cameraMode":{"drawMode":0,"name":"Shaded","section":"Shading Mode"},"sceneLighting":false,"audioPlay":false,"sceneViewState":{"m_AlwaysRefresh":false,"showFog":true,"showSkybox":false,"showFlares":true,"showImageEffects":true,"showParticleSystems":true,"showVisualEffectGraphs":true,"m_FxEnabled":true},"in2DMode":false,"pivot":{"x":36.16169738769531,"y":4.495747089385986,"z":0.8201988339424133},"rotation":{"x":0.0034143596421927215,"y":0.7045650482177734,"z":-0.003387329401448369,"w":0.7096386551856995},"size":19.385101318359376,"orthographic":false}